Material,Stage,Description,SAP Workcentre,DMS Workcentre,Phase
19011000,Setup,RBFG TIL2 Granulation,RBFG,TIL2A,50
19011000,Operation,RBFG TIL2 Granulation,RBFG,TIL2A,60
19011001,Setup,RBFG TIL2 Granulation,RBFG,TIL2A,50
19011001,Operation,RBFG TIL2 Granulation,RBFG,TIL2A,60
19011002,Setup,RBFG TIL2 Granulation,RBFG,TIL2A,50
19011002,Operation,RBFG TIL2 Granulation,RBFG,TIL2A,60
19011003,Setup,RBFG TIL2 Granulation,RBFG,TIL2A,50
19011003,Operation,RBFG TIL2 Granulation,RBFG,TIL2A,60
19011004,Setup,RBFG TIL2 Granulation,RBFG,TIL2A,50
19011004,Operation,RBFG TIL2 Granulation,RBFG,TIL2A,60
19011005,Setup,RBFG TIL2 Granulation,RBFG,TIL2A,50
19011005,Operation,RBFG TIL2 Granulation,RBFG,TIL2A,60
19012010,Setup,PRIN 140 Printing,PRIN 140,PRINT 140,20
19012010,Operation,PRIN 140 Printing,PRIN 140,PRINT 140,30
19012011,Setup,PRIN 140 Printing,PRIN 140,PRINT 140,20
19012011,Operation,PRIN 140 Printing,PRIN 140,PRINT 140,30
19012960,Setup,PRIN 140 Printing,PRIN 140,PRINT 140,20
19012960,Operation,PRIN 140 Printing,PRIN 140,PRINT 140,30
19013002,Setup,CF 437 CF,CF 437,TIL1 437 CF,50
19013002,Operation,CF 437 CF,CF 437,TIL1 437 CF,60
19013003,Setup,CF 437 CF,CF 437,TIL1 437 CF,50
19013003,Operation,CF 437 CF,CF 437,TIL1 437 CF,60
19013004,Setup,EC 435 Enteric Coating,EC 435,TIL1 435 EC,50
19013004,Operation,EC 435 Enteric Coating,EC 435,TIL1 435 EC,60
19013005,Setup,EC 435 Enteric Coating,EC 435,TIL1 435 EC,50
19013005,Operation,EC 435 Enteric Coating,EC 435,TIL1 435 EC,60
19013006,Setup,EC 435 Enteric Coating,EC 435,TIL1 435 EC,50
19013006,Operation,EC 435 Enteric Coating,EC 435,TIL1 435 EC,60
19013007,Setup,EC 435 Enteric Coating,EC 435,TIL1 435 EC,50
19013007,Operation,EC 435 Enteric Coating,EC 435,TIL1 435 EC,60
19013008,Setup,BL 432 Blending,BL 432,TIL1 437,20
19013008,Operation,BL 432 Blending,BL 432,TIL1 437,30
19013009,Setup,BL 432 Blending,BL 432,TIL1 437,20
19013009,Operation,BL 432 Blending,BL 432,TIL1 437,30
19013023,Setup,CF 437 CF,CF 437,TIL1 437 CF,50
19013023,Operation,CF 437 CF,CF 437,TIL1 437 CF,60
19013025,Setup,CF 437 CF,CF 437,TIL1 437 CF,20
19013025,Operation,CF 437 CF,CF 437,TIL1 437 CF,30
19013027,Setup,EC 435 Enteric Coating,EC 435,TIL1 435 EC,20
19013027,Operation,EC 435 Enteric Coating,EC 435,TIL1 435 EC,30
19013029,Setup,BL 432 Blending,BL 432,TIL1 437,20
19013029,Operation,BL 432 Blending,BL 432,TIL1 437,30
19013030,Setup,GRAN 128 Granulating,GRAN 128,GRAN 128,50
19013030,Operation,GRAN 128 Granulating,GRAN 128,GRAN 128,60
19013031,Setup,GRAN 128 Granulating,GRAN 128,GRAN 128,50
19013031,Operation,GRAN 128 Granulating,GRAN 128,GRAN 128,60
19013032,Setup,GRAN 128 Granulating,GRAN 128,GRAN 128,50
19013032,Operation,GRAN 128 Granulating,GRAN 128,GRAN 128,60
19013033,Setup,GRAN 128 Granulating,GRAN 128,GRAN 128,50
19013033,Operation,GRAN 128 Granulating,GRAN 128,GRAN 128,60
19013034,Setup,GRAN 128 Granulating,GRAN 128,GRAN 128,50
19013034,Operation,GRAN 128 Granulating,GRAN 128,GRAN 128,60
19013689,Setup,GRAN 128 Granulating,GRAN 128,GRAN 128,50
19013689,Operation,GRAN 128 Granulating,GRAN 128,GRAN 128,60
19013758,Setup,CF 437 CF,CF 437,TIL1 437 CF,50
19013758,Operation,CF 437 CF,CF 437,TIL1 437 CF,60
19013759,Setup,CF 437 CF,CF 437,TIL1 437 CF,50
19013759,Operation,CF 437 CF,CF 437,TIL1 437 CF,60
19013854,Setup,EC 435 Enteric Coating,EC 435,TIL1 435 EC,20
19013854,Operation,EC 435 Enteric Coating,EC 435,TIL1 435 EC,30
19013855,Setup,EC 435 Enteric Coating,EC 435,TIL1 435 EC,20
19013855,Operation,EC 435 Enteric Coating,EC 435,TIL1 435 EC,30
19013888,Setup,BL 432 Blending,BL 432,TIL1 437,20
19013888,Operation,BL 432 Blending,BL 432,TIL1 437,30
19013889,Setup,BL 432 Blending,BL 432,TIL1 437,20
19013889,Operation,BL 432 Blending,BL 432,TIL1 437,30
19013960,Setup,RBFG TIL2 Granulation,RBFG,TIL2A,50
19013960,Operation,RBFG TIL2 Granulation,RBFG,TIL2A,60
19013961,Setup,RBFG TIL2 Granulation,RBFG,TIL2A,50
19013961,Operation,RBFG TIL2 Granulation,RBFG,TIL2A,60
19013964,Setup,RBFG TIL2 Granulation,RBFG,TIL2A,50
19013964,Operation,RBFG TIL2 Granulation,RBFG,TIL2A,60
19013965,Setup,RBFG TIL2 Granulation,RBFG,TIL2A,50
19013965,Operation,RBFG TIL2 Granulation,RBFG,TIL2A,60
19014008,Setup,VBL 130 Blending,VBL 130,BLEND 130,50
19014008,Operation,VBL 130 Blending,VBL 130,BLEND 130,60
19014008,Setup,TP3 Tabletting,TP3,TP3,80
19014008,Operation,TP3 Tabletting,TP3,TP3,90
19014009,Setup,VBL 130 Blending,VBL 130,BLEND 130,50
19014009,Operation,VBL 130 Blending,VBL 130,BLEND 130,60
19014009,Setup,TP1 Tabletting,TP1,TP1,80
19014009,Operation,TP1 Tabletting,TP1,TP1,90
19014015,Setup,GRAN 129 Granulating,GRAN 129,GRAN 129,50
19014015,Operation,GRAN 129 Granulating,GRAN 129,GRAN 129,60
19014015,Setup,SBL 137 Blending,SBL 137,BLEND 137,80
19014015,Operation,SBL 137 Blending,SBL 137,BLEND 137,90
19014015,Setup,TP2 Tabletting,TP2,TP2,110
19014015,Operation,TP2 Tabletting,TP2,TP2,120
19014040,Setup,VBL 130 Blending,VBL 130,BLEND 130,50
19014040,Operation,VBL 130 Blending,VBL 130,BLEND 130,60
19014040,Setup,TP3 Tabletting,TP3,TP3,80
19014040,Operation,TP3 Tabletting,TP3,TP3,90
19014041,Setup,VBL 130 Blending,VBL 130,BLEND 130,50
19014041,Operation,VBL 130 Blending,VBL 130,BLEND 130,60
19014041,Setup,TP1 Tabletting,TP1,TP1,80
19014041,Operation,TP1 Tabletting,TP1,TP1,90
19014052,Setup,GRAN 129 Granulating,GRAN 129,GRAN 129,50
19014052,Operation,GRAN 129 Granulating,GRAN 129,GRAN 129,60
19014052,Setup,SBL 137 Blending,SBL 137,BLEND 137,80
19014052,Operation,SBL 137 Blending,SBL 137,BLEND 137,90
19014052,Setup,TP4 Tabletting,TP4,TP4,110
19014052,Operation,TP4 Tabletting,TP4,TP4,120
19014052,Setup,COAT 138 Coating,COAT 138,COAT 138,140
19014052,Operation,COAT 138 Coating,COAT 138,COAT 138,150
19014052,Setup,PRIN 145 Printing,PRIN 145,PRINT 145,200
19014052,Operation,PRIN 145 Printing,PRIN 145,PRINT 145,210
19014053,Setup,GRAN 129 Granulating,GRAN 129,GRAN 129,50
19014053,Operation,GRAN 129 Granulating,GRAN 129,GRAN 129,60
19014053,Setup,SBL 137 Blending,SBL 137,BLEND 137,80
19014053,Operation,SBL 137 Blending,SBL 137,BLEND 137,90
19014053,Setup,TP4 Tabletting,TP4,TP4,110
19014053,Operation,TP4 Tabletting,TP4,TP4,120
19014053,Setup,COAT 138 Coating,COAT 138,COAT 138,140
19014053,Operation,COAT 138 Coating,COAT 138,COAT 138,150
19014053,Setup,PRIN 145 Printing,PRIN 145,PRINT 145,200
19014053,Operation,PRIN 145 Printing,PRIN 145,PRINT 145,210
19014054,Setup,GRAN 129 Granulating,GRAN 129,GRAN 129,50
19014054,Operation,GRAN 129 Granulating,GRAN 129,GRAN 129,60
19014054,Setup,SBL 137 Blending,SBL 137,BLEND 137,80
19014054,Operation,SBL 137 Blending,SBL 137,BLEND 137,90
19014054,Setup,TP4 Tabletting,TP4,TP4,110
19014054,Operation,TP4 Tabletting,TP4,TP4,120
19014054,Setup,COAT 138 Coating,COAT 138,COAT 138,140
19014054,Operation,COAT 138 Coating,COAT 138,COAT 138,150
19014054,Setup,PRIN 145 Printing,PRIN 145,PRINT 145,170
19014054,Operation,PRIN 145 Printing,PRIN 145,PRINT 145,180
19014059,Setup,GRAN 129 Granulating,GRAN 129,GRAN 129,50
19014059,Operation,GRAN 129 Granulating,GRAN 129,GRAN 129,60
19014059,Setup,SBL 137 Blending,SBL 137,BLEND 137,80
19014059,Operation,SBL 137 Blending,SBL 137,BLEND 137,90
19014059,Setup,TP4 Tabletting,TP4,TP4,110
19014059,Operation,TP4 Tabletting,TP4,TP4,120
19014059,Setup,COAT 138 Coating,COAT 138,COAT 138,140
19014059,Operation,COAT 138 Coating,COAT 138,COAT 138,150
19014059,Setup,PRIN 145 Printing,PRIN 145,PRINT 145,170
19014059,Operation,PRIN 145 Printing,PRIN 145,PRINT 145,180
19014060,Setup,GRAN 129 Granulating,GRAN 129,GRAN 129,50
19014060,Operation,GRAN 129 Granulating,GRAN 129,GRAN 129,60
19014060,Setup,SBL 137 Blending,SBL 137,BLEND 137,80
19014060,Operation,SBL 137 Blending,SBL 137,BLEND 137,90
19014060,Setup,TP4 Tabletting,TP4,TP4,110
19014060,Operation,TP4 Tabletting,TP4,TP4,120
19014060,Setup,COAT 138 Coating,COAT 138,COAT 138,140
19014060,Operation,COAT 138 Coating,COAT 138,COAT 138,150
19014060,Setup,PRIN 145 Printing,PRIN 145,PRINT 145,200
19014060,Operation,PRIN 145 Printing,PRIN 145,PRINT 145,210
19014061,Setup,GRAN 129 Granulating,GRAN 129,GRAN 129,50
19014061,Operation,GRAN 129 Granulating,GRAN 129,GRAN 129,60
19014061,Setup,SBL 137 Blending,SBL 137,BLEND 137,80
19014061,Operation,SBL 137 Blending,SBL 137,BLEND 137,90
19014061,Setup,TP4 Tabletting,TP4,TP4,110
19014061,Operation,TP4 Tabletting,TP4,TP4,120
19014061,Setup,COAT 138 Coating,COAT 138,COAT 138,140
19014061,Operation,COAT 138 Coating,COAT 138,COAT 138,150
19014061,Setup,PRIN 145 Printing,PRIN 145,PRINT 145,170
19014061,Operation,PRIN 145 Printing,PRIN 145,PRINT 145,180
19014062,Setup,GRAN 128 Granulating,GRAN 128,GRAN 128,50
19014062,Operation,GRAN 128 Granulating,GRAN 128,GRAN 128,60
19014062,Setup,VBL 130 Blending,VBL 130,BLEND 130,80
19014062,Operation,VBL 130 Blending,VBL 130,BLEND 130,90
19014062,Setup,TP6 Tabletting,TP6,TP6,110
19014062,Operation,TP6 Tabletting,TP6,TP6,120
19014063,Setup,GRAN 128 Granulating,GRAN 128,GRAN 128,50
19014063,Operation,GRAN 128 Granulating,GRAN 128,GRAN 128,60
19014063,Setup,VBL 130 Blending,VBL 130,BLEND 130,80
19014063,Operation,VBL 130 Blending,VBL 130,BLEND 130,90
19014063,Setup,TP6 Tabletting,TP6,TP6,110
19014063,Operation,TP6 Tabletting,TP6,TP6,120
19014086,Setup,GRAN 129 Granulating,GRAN 129,GRAN 129,50
19014086,Operation,GRAN 129 Granulating,GRAN 129,GRAN 129,60
19014086,Setup,SBL 137 Blending,SBL 137,BLEND 137,80
19014086,Operation,SBL 137 Blending,SBL 137,BLEND 137,90
19014086,Setup,TP3 Tabletting,TP3,TP3,110
19014086,Operation,TP3 Tabletting,TP3,TP3,120
19014086,Setup,COAT 138 Coating,COAT 138,COAT 138,140
19014086,Operation,COAT 138 Coating,COAT 138,COAT 138,150
19014086,Setup,PRIN 145 Printing,PRIN 145,PRINT 145,170
19014086,Operation,PRIN 145 Printing,PRIN 145,PRINT 145,180
19014087,Setup,GRAN 129 Granulating,GRAN 129,GRAN 129,50
19014087,Operation,GRAN 129 Granulating,GRAN 129,GRAN 129,60
19014087,Setup,SBL 137 Blending,SBL 137,BLEND 137,80
19014087,Operation,SBL 137 Blending,SBL 137,BLEND 137,90
19014087,Setup,TP3 Tabletting,TP3,TP3,110
19014087,Operation,TP3 Tabletting,TP3,TP3,120
19014087,Setup,COAT 138 Coating,COAT 138,COAT 138,140
19014087,Operation,COAT 138 Coating,COAT 138,COAT 138,150
19014087,Setup,PRIN 145 Printing,PRIN 145,PRINT 145,170
19014087,Operation,PRIN 145 Printing,PRIN 145,PRINT 145,180
19014088,Setup,GRAN 129 Granulating,GRAN 129,GRAN 129,50
19014088,Operation,GRAN 129 Granulating,GRAN 129,GRAN 129,60
19014088,Setup,SBL 137 Blending,SBL 137,BLEND 137,80
19014088,Operation,SBL 137 Blending,SBL 137,BLEND 137,90
19014088,Setup,TP4 Tabletting,TP4,TP4,110
19014088,Operation,TP4 Tabletting,TP4,TP4,120
19014088,Setup,COAT 138 Coating,COAT 138,COAT 138,140
19014088,Operation,COAT 138 Coating,COAT 138,COAT 138,150
19014088,Setup,PRIN 145 Printing,PRIN 145,PRINT 145,170
19014088,Operation,PRIN 145 Printing,PRIN 145,PRINT 145,180
19014089,Setup,GRAN 129 Granulating,GRAN 129,GRAN 129,50
19014089,Operation,GRAN 129 Granulating,GRAN 129,GRAN 129,60
19014089,Setup,SBL 137 Blending,SBL 137,BLEND 137,80
19014089,Operation,SBL 137 Blending,SBL 137,BLEND 137,90
19014089,Setup,TP4 Tabletting,TP4,TP4,110
19014089,Operation,TP4 Tabletting,TP4,TP4,120
19014089,Setup,COAT 138 Coating,COAT 138,COAT 138,140
19014089,Operation,COAT 138 Coating,COAT 138,COAT 138,150
19014089,Setup,PRIN 145 Printing,PRIN 145,PRINT 145,170
19014089,Operation,PRIN 145 Printing,PRIN 145,PRINT 145,180
19014090,Setup,GRAN 129 Granulating,GRAN 129,GRAN 129,50
19014090,Operation,GRAN 129 Granulating,GRAN 129,GRAN 129,60
19014090,Setup,SBL 137 Blending,SBL 137,BLEND 137,80
19014090,Operation,SBL 137 Blending,SBL 137,BLEND 137,90
19014090,Setup,TP4 Tabletting,TP4,TP4,110
19014090,Operation,TP4 Tabletting,TP4,TP4,120
19014090,Setup,COAT 138 Coating,COAT 138,COAT 138,140
19014090,Operation,COAT 138 Coating,COAT 138,COAT 138,150
19014090,Setup,PRIN 145 Printing,PRIN 145,PRINT 145,170
19014090,Operation,PRIN 145 Printing,PRIN 145,PRINT 145,180
19014091,Setup,GRAN 128 Granulating,GRAN 128,GRAN 128,50
19014091,Operation,GRAN 128 Granulating,GRAN 128,GRAN 128,60
19014091,Setup,SBL 137 Blending,SBL 137,BLEND 137,80
19014091,Operation,SBL 137 Blending,SBL 137,BLEND 137,90
19014091,Setup,TP3 Tabletting,TP3,TP3,110
19014091,Operation,TP3 Tabletting,TP3,TP3,120
19014092,Setup,GRAN 128 Granulating,GRAN 128,GRAN 128,50
19014092,Operation,GRAN 128 Granulating,GRAN 128,GRAN 128,60
19014092,Setup,SBL 137 Blending,SBL 137,BLEND 137,80
19014092,Operation,SBL 137 Blending,SBL 137,BLEND 137,90
19014092,Setup,TP3 Tabletting,TP3,TP3,110
19014092,Operation,TP3 Tabletting,TP3,TP3,120
19014093,Setup,GRAN 128 Granulating,GRAN 128,GRAN 128,50
19014093,Operation,GRAN 128 Granulating,GRAN 128,GRAN 128,60
19014093,Setup,SBL 137 Blending,SBL 137,BLEND 137,80
19014093,Operation,SBL 137 Blending,SBL 137,BLEND 137,90
19014093,Setup,TP3 Tabletting,TP3,TP3,110
19014093,Operation,TP3 Tabletting,TP3,TP3,120
19014099,Setup,GRAN 129 Granulating,GRAN 129,GRAN 129,50
19014099,Operation,GRAN 129 Granulating,GRAN 129,GRAN 129,60
19014099,Setup,SBL 137 Blending,SBL 137,BLEND 137,80
19014099,Operation,SBL 137 Blending,SBL 137,BLEND 137,90
19014099,Setup,TP4 Tabletting,TP4,TP4,110
19014099,Operation,TP4 Tabletting,TP4,TP4,120
19014099,Setup,COAT 138 Coating,COAT 138,COAT 138,140
19014099,Operation,COAT 138 Coating,COAT 138,COAT 138,150
19014099,Setup,PRIN 140 Printing,PRIN 140,PRINT 140,170
19014099,Operation,PRIN 140 Printing,PRIN 140,PRINT 140,180
19014100,Setup,GRAN 129 Granulating,GRAN 129,GRAN 129,50
19014100,Operation,GRAN 129 Granulating,GRAN 129,GRAN 129,60
19014100,Setup,SBL 137 Blending,SBL 137,BLEND 137,80
19014100,Operation,SBL 137 Blending,SBL 137,BLEND 137,90
19014100,Setup,TP4 Tabletting,TP4,TP4,110
19014100,Operation,TP4 Tabletting,TP4,TP4,120
19014100,Setup,COAT 138 Coating,COAT 138,COAT 138,140
19014100,Operation,COAT 138 Coating,COAT 138,COAT 138,150
19014100,Setup,PRIN 140 Printing,PRIN 140,PRINT 140,170
19014100,Operation,PRIN 140 Printing,PRIN 140,PRINT 140,180
19014101,Setup,GRAN 129 Granulating,GRAN 129,GRAN 129,50
19014101,Operation,GRAN 129 Granulating,GRAN 129,GRAN 129,60
19014101,Setup,SBL 137 Blending,SBL 137,BLEND 137,80
19014101,Operation,SBL 137 Blending,SBL 137,BLEND 137,90
19014101,Setup,TP4 Tabletting,TP4,TP4,110
19014101,Operation,TP4 Tabletting,TP4,TP4,120
19014101,Setup,COAT 138 Coating,COAT 138,COAT 138,140
19014101,Operation,COAT 138 Coating,COAT 138,COAT 138,150
19014101,Setup,PRIN 145 Printing,PRIN 145,PRINT 145,170
19014101,Operation,PRIN 145 Printing,PRIN 145,PRINT 145,180
19014102,Setup,SBL 137 Blending,SBL 137,BLEND 137,80
19014102,Operation,SBL 137 Blending,SBL 137,BLEND 137,90
19014102,Setup,TP3 Tabletting,TP3,TP3,110
19014102,Operation,TP3 Tabletting,TP3,TP3,120
19014102,Setup,COAT 138 Coating,COAT 138,COAT 138,140
19014102,Operation,COAT 138 Coating,COAT 138,COAT 138,150
19014102,Setup,PRIN 145 Printing,PRIN 145,PRINT 145,170
19014102,Operation,PRIN 145 Printing,PRIN 145,PRINT 145,180
19014103,Setup,SBL 137 Blending,SBL 137,BLEND 137,80
19014103,Operation,SBL 137 Blending,SBL 137,BLEND 137,90
19014103,Setup,TP3 Tabletting,TP3,TP3,110
19014103,Operation,TP3 Tabletting,TP3,TP3,120
19014103,Setup,COAT 138 Coating,COAT 138,COAT 138,140
19014103,Operation,COAT 138 Coating,COAT 138,COAT 138,150
19014103,Setup,PRIN 145 Printing,PRIN 145,PRINT 145,170
19014103,Operation,PRIN 145 Printing,PRIN 145,PRINT 145,180
19014104,Setup,SBL 137 Blending,SBL 137,BLEND 137,80
19014104,Operation,SBL 137 Blending,SBL 137,BLEND 137,90
19014104,Setup,TP3 Tabletting,TP3,TP3,110
19014104,Operation,TP3 Tabletting,TP3,TP3,120
19014104,Setup,COAT 138 Coating,COAT 138,COAT 138,140
19014104,Operation,COAT 138 Coating,COAT 138,COAT 138,150
19014104,Setup,PRIN 145 Printing,PRIN 145,PRINT 145,170
19014104,Operation,PRIN 145 Printing,PRIN 145,PRINT 145,180
19014107,Setup,SBL 137 Blending,SBL 137,BLEND 137,80
19014107,Operation,SBL 137 Blending,SBL 137,BLEND 137,90
19014107,Setup,TP3 Tabletting,TP3,TP3,110
19014107,Operation,TP3 Tabletting,TP3,TP3,120
19014107,Setup,COAT 138 Coating,COAT 138,COAT 138,140
19014107,Operation,COAT 138 Coating,COAT 138,COAT 138,150
19014107,Setup,PRIN 145 Printing,PRIN 145,PRINT 145,170
19014107,Operation,PRIN 145 Printing,PRIN 145,PRINT 145,180
19014108,Setup,SBL 137 Blending,SBL 137,BLEND 137,80
19014108,Operation,SBL 137 Blending,SBL 137,BLEND 137,90
19014108,Setup,TP3 Tabletting,TP3,TP3,110
19014108,Operation,TP3 Tabletting,TP3,TP3,120
19014108,Setup,COAT 138 Coating,COAT 138,COAT 138,140
19014108,Operation,COAT 138 Coating,COAT 138,COAT 138,150
19014108,Setup,PRIN 145 Printing,PRIN 145,PRINT 145,170
19014108,Operation,PRIN 145 Printing,PRIN 145,PRINT 145,180
19014109,Setup,SBL 137 Blending,SBL 137,BLEND 137,80
19014109,Operation,SBL 137 Blending,SBL 137,BLEND 137,90
19014109,Setup,TP3 Tabletting,TP3,TP3,110
19014109,Operation,TP3 Tabletting,TP3,TP3,120
19014109,Setup,COAT 138 Coating,COAT 138,COAT 138,140
19014109,Operation,COAT 138 Coating,COAT 138,COAT 138,150
19014109,Setup,PRIN 145 Printing,PRIN 145,PRINT 145,170
19014109,Operation,PRIN 145 Printing,PRIN 145,PRINT 145,180
19014118,Setup,GRAN 128 Granulating,GRAN 128,GRAN 128,50
19014118,Operation,GRAN 128 Granulating,GRAN 128,GRAN 128,60
19014118,Setup,VBL 130 Blending,VBL 130,BLEND 130,80
19014118,Operation,VBL 130 Blending,VBL 130,BLEND 130,90
19014118,Setup,TP6 Tabletting,TP6,TP6,110
19014118,Operation,TP6 Tabletting,TP6,TP6,120
19014125,Setup,GRAN 129 Granulating,GRAN 129,GRAN 129,50
19014125,Operation,GRAN 129 Granulating,GRAN 129,GRAN 129,60
19014125,Setup,SBL 137 Blending,SBL 137,BLEND 137,80
19014125,Operation,SBL 137 Blending,SBL 137,BLEND 137,90
19014125,Setup,TP4 Tabletting,TP4,TP4,110
19014125,Operation,TP4 Tabletting,TP4,TP4,120
19014125,Setup,COAT 138 Coating,COAT 138,COAT 138,140
19014125,Operation,COAT 138 Coating,COAT 138,COAT 138,150
19014125,Setup,PRIN 145 Printing,PRIN 145,PRINT 145,170
19014125,Operation,PRIN 145 Printing,PRIN 145,PRINT 145,180
19014126,Setup,GRAN 129 Granulating,GRAN 129,GRAN 129,50
19014126,Operation,GRAN 129 Granulating,GRAN 129,GRAN 129,60
19014126,Setup,SBL 137 Blending,SBL 137,BLEND 137,80
19014126,Operation,SBL 137 Blending,SBL 137,BLEND 137,90
19014126,Setup,TP4 Tabletting,TP4,TP4,110
19014126,Operation,TP4 Tabletting,TP4,TP4,120
19014126,Setup,COAT 138 Coating,COAT 138,COAT 138,140
19014126,Operation,COAT 138 Coating,COAT 138,COAT 138,150
19014126,Setup,PRIN 145 Printing,PRIN 145,PRINT 145,170
19014126,Operation,PRIN 145 Printing,PRIN 145,PRINT 145,180
19014127,Setup,GRAN 129 Granulating,GRAN 129,GRAN 129,50
19014127,Operation,GRAN 129 Granulating,GRAN 129,GRAN 129,60
19014127,Setup,SBL 137 Blending,SBL 137,BLEND 137,80
19014127,Operation,SBL 137 Blending,SBL 137,BLEND 137,90
19014127,Setup,TP4 Tabletting,TP4,TP4,110
19014127,Operation,TP4 Tabletting,TP4,TP4,120
19014127,Setup,COAT 138 Coating,COAT 138,COAT 138,140
19014127,Operation,COAT 138 Coating,COAT 138,COAT 138,150
19014127,Setup,PRIN 145 Printing,PRIN 145,PRINT 145,170
19014127,Operation,PRIN 145 Printing,PRIN 145,PRINT 145,180
19014128,Setup,GRAN 129 Granulating,GRAN 129,GRAN 129,50
19014128,Operation,GRAN 129 Granulating,GRAN 129,GRAN 129,60
19014128,Setup,SBL 137 Blending,SBL 137,BLEND 137,80
19014128,Operation,SBL 137 Blending,SBL 137,BLEND 137,90
19014128,Setup,TP4 Tabletting,TP4,TP4,110
19014128,Operation,TP4 Tabletting,TP4,TP4,120
19014128,Setup,COAT 138 Coating,COAT 138,COAT 138,140
19014128,Operation,COAT 138 Coating,COAT 138,COAT 138,150
19014128,Setup,PRIN 145 Printing,PRIN 145,PRINT 145,170
19014128,Operation,PRIN 145 Printing,PRIN 145,PRINT 145,180
19014129,Setup,GRAN 129 Granulating,GRAN 129,GRAN 129,50
19014129,Operation,GRAN 129 Granulating,GRAN 129,GRAN 129,60
19014129,Setup,SBL 137 Blending,SBL 137,BLEND 137,80
19014129,Operation,SBL 137 Blending,SBL 137,BLEND 137,90
19014129,Setup,TP4 Tabletting,TP4,TP4,110
19014129,Operation,TP4 Tabletting,TP4,TP4,120
19014129,Setup,COAT 138 Coating,COAT 138,COAT 138,140
19014129,Operation,COAT 138 Coating,COAT 138,COAT 138,150
19014129,Setup,PRIN 145 Printing,PRIN 145,PRINT 145,200
19014129,Operation,PRIN 145 Printing,PRIN 145,PRINT 145,210
19014130,Setup,GRAN 129 Granulating,GRAN 129,GRAN 129,50
19014130,Operation,GRAN 129 Granulating,GRAN 129,GRAN 129,60
19014130,Setup,SBL 137 Blending,SBL 137,BLEND 137,80
19014130,Operation,SBL 137 Blending,SBL 137,BLEND 137,90
19014130,Setup,TP4 Tabletting,TP4,TP4,110
19014130,Operation,TP4 Tabletting,TP4,TP4,120
19014130,Setup,COAT 138 Coating,COAT 138,COAT 138,140
19014130,Operation,COAT 138 Coating,COAT 138,COAT 138,150
19014130,Setup,PRIN 145 Printing,PRIN 145,PRINT 145,170
19014130,Operation,PRIN 145 Printing,PRIN 145,PRINT 145,180
19014243,Setup,GRAN 129 Granulating,GRAN 129,GRAN 129,50
19014243,Operation,GRAN 129 Granulating,GRAN 129,GRAN 129,60
19014243,Setup,SBL 137 Blending,SBL 137,BLEND 137,80
19014243,Operation,SBL 137 Blending,SBL 137,BLEND 137,90
19014243,Setup,TP2 Tabletting,TP2,TP2,110
19014243,Operation,TP2 Tabletting,TP2,TP2,120
19014790,Setup,GRAN 129 Granulating,GRAN 129,GRAN 129,50
19014790,Operation,GRAN 129 Granulating,GRAN 129,GRAN 129,60
19014790,Setup,SBL 137 Blending,SBL 137,BLEND 137,80
19014790,Operation,SBL 137 Blending,SBL 137,BLEND 137,90
19014790,Setup,TP2 Tabletting,TP2,TP2,110
19014790,Operation,TP2 Tabletting,TP2,TP2,120
19014861,Setup,GRAN 128 Granulating,GRAN 128,GRAN 128,50
19014861,Operation,GRAN 128 Granulating,GRAN 128,GRAN 128,60
19014861,Setup,VBL 130 Blending,VBL 130,BLEND 130,80
19014861,Operation,VBL 130 Blending,VBL 130,BLEND 130,90
19014861,Setup,TP2 Tabletting,TP2,TP2,110
19014861,Operation,TP2 Tabletting,TP2,TP2,120
19014909,Setup,GRAN 128 Granulating,GRAN 128,GRAN 128,50
19014909,Operation,GRAN 128 Granulating,GRAN 128,GRAN 128,60
19014909,Setup,VBL 130 Blending,VBL 130,BLEND 130,80
19014909,Operation,VBL 130 Blending,VBL 130,BLEND 130,90
19014909,Setup,TP6 Tabletting,TP6,TP6,110
19014909,Operation,TP6 Tabletting,TP6,TP6,120
19014926,Setup,GRAN 129 Granulating,GRAN 129,GRAN 129,50
19014926,Operation,GRAN 129 Granulating,GRAN 129,GRAN 129,60
19014926,Setup,SBL 137 Blending,SBL 137,BLEND 137,80
19014926,Operation,SBL 137 Blending,SBL 137,BLEND 137,90
19014926,Setup,TP2 Tabletting,TP2,TP2,110
19014926,Operation,TP2 Tabletting,TP2,TP2,120
19014926,Setup,COAT 138 Coating,COAT 138,COAT 138,140
19014926,Operation,COAT 138 Coating,COAT 138,COAT 138,150
19014926,Setup,AVI 1 Visual Inspection,AVI 1,AVI1,170
19014926,Operation,AVI 1 Visual Inspection,AVI 1,AVI1,180
19014926,Setup,PRIN 140 Printing,PRIN 140,PRINT 140,200
19014926,Operation,PRIN 140 Printing,PRIN 140,PRINT 140,210
19014945,Setup,GRAN 129 Granulating,GRAN 129,GRAN 129,50
19014945,Operation,GRAN 129 Granulating,GRAN 129,GRAN 129,60
19014945,Setup,SBL 137 Blending,SBL 137,BLEND 137,80
19014945,Operation,SBL 137 Blending,SBL 137,BLEND 137,90
19014945,Setup,TP2 Tabletting,TP2,TP2,110
19014945,Operation,TP2 Tabletting,TP2,TP2,120
19014948,Setup,GRAN 129 Granulating,GRAN 129,GRAN 129,50
19014948,Operation,GRAN 129 Granulating,GRAN 129,GRAN 129,60
19014948,Setup,SBL 137 Blending,SBL 137,BLEND 137,80
19014948,Operation,SBL 137 Blending,SBL 137,BLEND 137,90
19014948,Setup,TP2 Tabletting,TP2,TP2,110
19014948,Operation,TP2 Tabletting,TP2,TP2,120
19014950,Setup,GRAN 129 Granulating,GRAN 129,GRAN 129,50
19014950,Operation,GRAN 129 Granulating,GRAN 129,GRAN 129,60
19014950,Setup,SBL 137 Blending,SBL 137,BLEND 137,80
19014950,Operation,SBL 137 Blending,SBL 137,BLEND 137,90
19014950,Setup,TP2 Tabletting,TP2,TP2,110
19014950,Operation,TP2 Tabletting,TP2,TP2,120
19014956,Setup,VBL 130 Blending,VBL 130,BLEND 130,50
19014956,Operation,VBL 130 Blending,VBL 130,BLEND 130,60
19014956,Setup,TP1 Tabletting,TP1,TP1,80
19014956,Operation,TP1 Tabletting,TP1,TP1,90
19014959,Setup,VBL 130 Blending,VBL 130,BLEND 130,50
19014959,Operation,VBL 130 Blending,VBL 130,BLEND 130,60
19014959,Setup,TP3 Tabletting,TP3,TP3,80
19014959,Operation,TP3 Tabletting,TP3,TP3,90
19014970,Setup,GRAN 129 Granulating,GRAN 129,GRAN 129,50
19014970,Operation,GRAN 129 Granulating,GRAN 129,GRAN 129,60
19014970,Setup,SBL 137 Blending,SBL 137,BLEND 137,80
19014970,Operation,SBL 137 Blending,SBL 137,BLEND 137,90
19014970,Setup,TP2 Tabletting,TP2,TP2,110
19014970,Operation,TP2 Tabletting,TP2,TP2,120
19014972,Setup,GRAN 129 Granulating,GRAN 129,GRAN 129,50
19014972,Operation,GRAN 129 Granulating,GRAN 129,GRAN 129,60
19014972,Setup,SBL 137 Blending,SBL 137,BLEND 137,80
19014972,Operation,SBL 137 Blending,SBL 137,BLEND 137,90
19014972,Setup,TP2 Tabletting,TP2,TP2,110
19014972,Operation,TP2 Tabletting,TP2,TP2,120
19014975,Setup,GRAN 129 Granulating,GRAN 129,GRAN 129,50
19014975,Operation,GRAN 129 Granulating,GRAN 129,GRAN 129,60
19014975,Setup,SBL 137 Blending,SBL 137,BLEND 137,80
19014975,Operation,SBL 137 Blending,SBL 137,BLEND 137,90
19014975,Setup,TP4 Tabletting,TP4,TP4,110
19014975,Operation,TP4 Tabletting,TP4,TP4,120
19014975,Setup,COAT 138 Coating,COAT 138,COAT 138,140
19014975,Operation,COAT 138 Coating,COAT 138,COAT 138,150
19014975,Setup,PRIN 145 Printing,PRIN 145,PRINT 145,170
19014975,Operation,PRIN 145 Printing,PRIN 145,PRINT 145,180
19014976,Setup,GRAN 129 Granulating,GRAN 129,GRAN 129,50
19014976,Operation,GRAN 129 Granulating,GRAN 129,GRAN 129,60
19014976,Setup,SBL 137 Blending,SBL 137,BLEND 137,80
19014976,Operation,SBL 137 Blending,SBL 137,BLEND 137,90
19014976,Setup,TP4 Tabletting,TP4,TP4,110
19014976,Operation,TP4 Tabletting,TP4,TP4,120
19014976,Setup,COAT 138 Coating,COAT 138,COAT 138,140
19014976,Operation,COAT 138 Coating,COAT 138,COAT 138,150
19014976,Setup,PRIN 145 Printing,PRIN 145,PRINT 145,170
19014976,Operation,PRIN 145 Printing,PRIN 145,PRINT 145,180
19014977,Setup,GRAN 129 Granulating,GRAN 129,GRAN 129,50
19014977,Operation,GRAN 129 Granulating,GRAN 129,GRAN 129,60
19014977,Setup,SBL 137 Blending,SBL 137,BLEND 137,80
19014977,Operation,SBL 137 Blending,SBL 137,BLEND 137,90
19014977,Setup,TP4 Tabletting,TP4,TP4,110
19014977,Operation,TP4 Tabletting,TP4,TP4,120
19014977,Setup,COAT 138 Coating,COAT 138,COAT 138,140
19014977,Operation,COAT 138 Coating,COAT 138,COAT 138,150
19014977,Setup,PRIN 145 Printing,PRIN 145,PRINT 145,170
19014977,Operation,PRIN 145 Printing,PRIN 145,PRINT 145,180
19014978,Setup,GRAN 129 Granulating,GRAN 129,GRAN 129,50
19014978,Operation,GRAN 129 Granulating,GRAN 129,GRAN 129,60
19014978,Setup,SBL 137 Blending,SBL 137,BLEND 137,80
19014978,Operation,SBL 137 Blending,SBL 137,BLEND 137,90
19014978,Setup,TP2 Tabletting,TP2,TP2,110
19014978,Operation,TP2 Tabletting,TP2,TP2,120
19014979,Setup,GRAN 129 Granulating,GRAN 129,GRAN 129,50
19014979,Operation,GRAN 129 Granulating,GRAN 129,GRAN 129,60
19014979,Setup,SBL 137 Blending,SBL 137,BLEND 137,80
19014979,Operation,SBL 137 Blending,SBL 137,BLEND 137,90
19014979,Setup,TP2 Tabletting,TP2,TP2,110
19014979,Operation,TP2 Tabletting,TP2,TP2,120
19014980,Setup,GRAN 129 Granulating,GRAN 129,GRAN 129,50
19014980,Operation,GRAN 129 Granulating,GRAN 129,GRAN 129,60
19014980,Setup,SBL 137 Blending,SBL 137,BLEND 137,80
19014980,Operation,SBL 137 Blending,SBL 137,BLEND 137,90
19014980,Setup,TP2 Tabletting,TP2,TP2,110
19014980,Operation,TP2 Tabletting,TP2,TP2,120
19014985,Setup,GRAN 129 Granulating,GRAN 129,GRAN 129,50
19014985,Operation,GRAN 129 Granulating,GRAN 129,GRAN 129,60
19014985,Setup,SBL 137 Blending,SBL 137,BLEND 137,80
19014985,Operation,SBL 137 Blending,SBL 137,BLEND 137,90
19014985,Setup,TP2 Tabletting,TP2,TP2,110
19014985,Operation,TP2 Tabletting,TP2,TP2,120
19014985,Setup,COAT 138 Coating,COAT 138,COAT 138,140
19014985,Operation,COAT 138 Coating,COAT 138,COAT 138,150
19014985,Setup,PRIN 145 Printing,PRIN 145,PRINT 145,170
19014985,Operation,PRIN 145 Printing,PRIN 145,PRINT 145,180
19014987,Setup,VBL 130 Blending,VBL 130,BLEND 130,50
19014987,Operation,VBL 130 Blending,VBL 130,BLEND 130,60
19014987,Setup,TP3 Tabletting,TP3,TP3,80
19014987,Operation,TP3 Tabletting,TP3,TP3,90
19014988,Setup,VBL 130 Blending,VBL 130,BLEND 130,50
19014988,Operation,VBL 130 Blending,VBL 130,BLEND 130,60
19014988,Setup,TP1 Tabletting,TP1,TP1,80
19014988,Operation,TP1 Tabletting,TP1,TP1,90
5001344,Setup,BL3 Packaging,BL3,BL3,20
5001344,Operation,BL3 Packaging,BL3,BL3,30
5001345,Setup,BL3 Packaging,BL3,BL3,20
5001345,Operation,BL3 Packaging,BL3,BL3,30
5001346,Setup,BL3 Packaging,BL3,BL3,20
5001346,Operation,BL3 Packaging,BL3,BL3,30
5001347,Setup,BL3 Packaging,BL3,BL3,20
5001347,Operation,BL3 Packaging,BL3,BL3,30
5001362,Setup,BL3 Packaging,BL3,BL3,20
5001362,Operation,BL3 Packaging,BL3,BL3,30
5001363,Setup,BL3 Packaging,BL3,BL3,20
5001363,Operation,BL3 Packaging,BL3,BL3,30
5001417,Setup,BL4 Packaging,BL4,BL4,20
5001417,Operation,BL4 Packaging,BL4,BL4,30
5001418,Setup,BL4 Packaging,BL4,BL4,20
5001418,Operation,BL4 Packaging,BL4,BL4,30
5001419,Setup,BL4 Packaging,BL4,BL4,20
5001419,Operation,BL4 Packaging,BL4,BL4,30
5001420,Setup,BL3 Packaging,BL3,BL3,20
5001420,Operation,BL3 Packaging,BL3,BL3,30
5001422,Setup,BL3 Packaging,BL3,BL3,20
5001422,Operation,BL3 Packaging,BL3,BL3,30
5001466,Setup,BL4 Packaging,BL4,BL4,20
5001466,Operation,BL4 Packaging,BL4,BL4,30
5001476,Setup,BL4 Packaging,BL4,BL4,20
5001476,Operation,BL4 Packaging,BL4,BL4,30
5001477,Setup,BL4 Packaging,BL4,BL4,20
5001477,Operation,BL4 Packaging,BL4,BL4,30
5001525,Setup,BL4 Packaging,BL4,BL4,20
5001525,Operation,BL4 Packaging,BL4,BL4,30
5001526,Setup,BL4 Packaging,BL4,BL4,20
5001526,Operation,BL4 Packaging,BL4,BL4,30
5001527,Setup,BL4 Packaging,BL4,BL4,20
5001527,Operation,BL4 Packaging,BL4,BL4,30
5001528,Setup,BL4 Packaging,BL4,BL4,20
5001528,Operation,BL4 Packaging,BL4,BL4,30
5001529,Setup,BL4 Packaging,BL4,BL4,20
5001529,Operation,BL4 Packaging,BL4,BL4,30
5001530,Setup,BL3 Packaging,BL3,BL3,20
5001530,Operation,BL3 Packaging,BL3,BL3,30
5001531,Setup,BL3 Packaging,BL3,BL3,20
5001531,Operation,BL3 Packaging,BL3,BL3,30
5001532,Setup,BL3 Packaging,BL3,BL3,20
5001532,Operation,BL3 Packaging,BL3,BL3,30
5001533,Setup,BL3 Packaging,BL3,BL3,20
5001533,Operation,BL3 Packaging,BL3,BL3,30
5001534,Setup,BL3 Packaging,BL3,BL3,20
5001534,Operation,BL3 Packaging,BL3,BL3,30
5001535,Setup,BL3 Packaging,BL3,BL3,20
5001535,Operation,BL3 Packaging,BL3,BL3,30
5001536,Setup,BL3 Packaging,BL3,BL3,20
5001536,Operation,BL3 Packaging,BL3,BL3,30
5001537,Setup,BL3 Packaging,BL3,BL3,20
5001537,Operation,BL3 Packaging,BL3,BL3,30
5001538,Setup,BL3 Packaging,BL3,BL3,20
5001538,Operation,BL3 Packaging,BL3,BL3,30
5001539,Setup,BL3 Packaging,BL3,BL3,20
5001539,Operation,BL3 Packaging,BL3,BL3,30
5001540,Setup,BL3 Packaging,BL3,BL3,20
5001540,Operation,BL3 Packaging,BL3,BL3,30
6067325,Setup,BL4 Packaging,BL4,BL4,20
6067325,Operation,BL4 Packaging,BL4,BL4,30
6067326,Setup,BL4 Packaging,BL4,BL4,20
6067326,Operation,BL4 Packaging,BL4,BL4,30
6067327,Setup,BL4 Packaging,BL4,BL4,20
6067327,Operation,BL4 Packaging,BL4,BL4,30
6067328,Setup,BL4 Packaging,BL4,BL4,20
6067328,Operation,BL4 Packaging,BL4,BL4,30
6067329,Setup,BL4 Packaging,BL4,BL4,20
6067329,Operation,BL4 Packaging,BL4,BL4,30
6067330,Setup,BL4 Packaging,BL4,BL4,20
6067330,Operation,BL4 Packaging,BL4,BL4,30
6067331,Setup,BL4 Packaging,BL4,BL4,20
6067331,Operation,BL4 Packaging,BL4,BL4,30
6067332,Setup,BL3 Packaging,BL3,BL3,20
6067332,Operation,BL3 Packaging,BL3,BL3,30
6067333,Setup,BL3 Packaging,BL3,BL3,20
6067333,Operation,BL3 Packaging,BL3,BL3,30
6067334,Setup,BL3 Packaging,BL3,BL3,20
6067334,Operation,BL3 Packaging,BL3,BL3,30
6067335,Setup,BL3 Packaging,BL3,BL3,20
6067335,Operation,BL3 Packaging,BL3,BL3,30
6067336,Setup,BL3 Packaging,BL3,BL3,20
6067336,Operation,BL3 Packaging,BL3,BL3,30
6067338,Setup,BL4 Packaging,BL4,BL4,20
6067338,Operation,BL4 Packaging,BL4,BL4,30
6067340,Setup,BL4 Packaging,BL4,BL4,20
6067340,Operation,BL4 Packaging,BL4,BL4,30
6067341,Setup,BL4 Packaging,BL4,BL4,20
6067341,Operation,BL4 Packaging,BL4,BL4,30
6067343,Setup,BL4 Packaging,BL4,BL4,20
6067343,Operation,BL4 Packaging,BL4,BL4,30
6067344,Setup,BL4 Packaging,BL4,BL4,20
6067344,Operation,BL4 Packaging,BL4,BL4,30
6067346,Setup,BL4 Packaging,BL4,BL4,20
6067346,Operation,BL4 Packaging,BL4,BL4,30
6067382,Setup,BL3 Packaging,BL3,BL3,20
6067382,Operation,BL3 Packaging,BL3,BL3,30
6067383,Setup,BL3 Packaging,BL3,BL3,20
6067383,Operation,BL3 Packaging,BL3,BL3,30
6067433,Setup,BL4 Packaging,BL4,BL4,20
6067433,Operation,BL4 Packaging,BL4,BL4,30
6067434,Setup,BL4 Packaging,BL4,BL4,20
6067434,Operation,BL4 Packaging,BL4,BL4,30
6067435,Setup,BL4 Packaging,BL4,BL4,20
6067435,Operation,BL4 Packaging,BL4,BL4,30
6067436,Setup,BL4 Packaging,BL4,BL4,20
6067436,Operation,BL4 Packaging,BL4,BL4,30
6067437,Setup,BL4 Packaging,BL4,BL4,20
6067437,Operation,BL4 Packaging,BL4,BL4,30
6067438,Setup,BL4 Packaging,BL4,BL4,20
6067438,Operation,BL4 Packaging,BL4,BL4,30
6067449,Setup,BL4 Packaging,BL4,BL4,20
6067449,Operation,BL4 Packaging,BL4,BL4,30
6067474,Setup,BL3 Packaging,BL3,BL3,20
6067474,Operation,BL3 Packaging,BL3,BL3,30
6067475,Setup,BL3 Packaging,BL3,BL3,20
6067475,Operation,BL3 Packaging,BL3,BL3,30
6067479,Setup,BL3 Packaging,BL3,BL3,20
6067479,Operation,BL3 Packaging,BL3,BL3,30
6067504,Setup,BL4 Packaging,BL4,BL4,20
6067504,Operation,BL4 Packaging,BL4,BL4,30
6067505,Setup,BL4 Packaging,BL4,BL4,20
6067505,Operation,BL4 Packaging,BL4,BL4,30
6067506,Setup,BL4 Packaging,BL4,BL4,20
6067506,Operation,BL4 Packaging,BL4,BL4,30
6067507,Setup,BL4 Packaging,BL4,BL4,20
6067507,Operation,BL4 Packaging,BL4,BL4,30
6067508,Setup,BL3 Packaging,BL3,BL3,20
6067508,Operation,BL3 Packaging,BL3,BL3,30
6067509,Setup,BL3 Packaging,BL3,BL3,20
6067509,Operation,BL3 Packaging,BL3,BL3,30
6067510,Setup,BL3 Packaging,BL3,BL3,20
6067510,Operation,BL3 Packaging,BL3,BL3,30
6067512,Setup,BL4 Packaging,BL4,BL4,20
6067512,Operation,BL4 Packaging,BL4,BL4,30
6067513,Setup,BL4 Packaging,BL4,BL4,20
6067513,Operation,BL4 Packaging,BL4,BL4,30
6067514,Setup,BL4 Packaging,BL4,BL4,20
6067514,Operation,BL4 Packaging,BL4,BL4,30
6067515,Setup,BL4 Packaging,BL4,BL4,20
6067515,Operation,BL4 Packaging,BL4,BL4,30
6067517,Setup,BL3 Packaging,BL3,BL3,20
6067517,Operation,BL3 Packaging,BL3,BL3,30
6068579,Setup,BL2 Packaging,BL2,BL2,20
6068579,Operation,BL2 Packaging,BL2,BL2,30
6068580,Setup,BL2 Packaging,BL2,BL2,20
6068580,Operation,BL2 Packaging,BL2,BL2,30
6068581,Setup,BL2 Packaging,BL2,BL2,20
6068581,Operation,BL2 Packaging,BL2,BL2,30
6068582,Setup,BL4 Packaging,BL4,BL4,20
6068582,Operation,BL4 Packaging,BL4,BL4,30
6068585,Setup,BL4 Packaging,BL4,BL4,20
6068585,Operation,BL4 Packaging,BL4,BL4,30
6068593,Setup,BL2 Packaging,BL2,BL2,20
6068593,Operation,BL2 Packaging,BL2,BL2,30
6068596,Setup,BL2 Packaging,BL2,BL2,20
6068596,Operation,BL2 Packaging,BL2,BL2,30
6068597,Setup,BL2 Packaging,BL2,BL2,20
6068597,Operation,BL2 Packaging,BL2,BL2,30
6068755,Setup,BL2 Packaging,BL2,BL2,20
6068755,Operation,BL2 Packaging,BL2,BL2,30
6068756,Setup,BL2 Packaging,BL2,BL2,20
6068756,Operation,BL2 Packaging,BL2,BL2,30
6068757,Setup,BL2 Packaging,BL2,BL2,20
6068757,Operation,BL2 Packaging,BL2,BL2,30
6068758,Setup,BL2 Packaging,BL2,BL2,20
6068758,Operation,BL2 Packaging,BL2,BL2,30
6068759,Setup,BL2 Packaging,BL2,BL2,20
6068759,Operation,BL2 Packaging,BL2,BL2,30
6068760,Setup,BL2 Packaging,BL2,BL2,20
6068760,Operation,BL2 Packaging,BL2,BL2,30
6068770,Setup,BL2 Packaging,BL2,BL2,20
6068770,Operation,BL2 Packaging,BL2,BL2,30
6068771,Setup,BL2 Packaging,BL2,BL2,20
6068771,Operation,BL2 Packaging,BL2,BL2,30
6068772,Setup,BL2 Packaging,BL2,BL2,20
6068772,Operation,BL2 Packaging,BL2,BL2,30
6068773,Setup,BL2 Packaging,BL2,BL2,20
6068773,Operation,BL2 Packaging,BL2,BL2,30
6068774,Setup,BL2 Packaging,BL2,BL2,20
6068774,Operation,BL2 Packaging,BL2,BL2,30
6068776,Setup,BL2 Packaging,BL2,BL2,20
6068776,Operation,BL2 Packaging,BL2,BL2,30
6068777,Setup,BL2 Packaging,BL2,BL2,20
6068777,Operation,BL2 Packaging,BL2,BL2,30
6068778,Setup,BL2 Packaging,BL2,BL2,20
6068778,Operation,BL2 Packaging,BL2,BL2,30
6068779,Setup,BL2 Packaging,BL2,BL2,20
6068779,Operation,BL2 Packaging,BL2,BL2,30
6074888,Setup,BL3 Packaging,BL3,BL3,20
6074888,Operation,BL3 Packaging,BL3,BL3,30
6075236,Setup,BL3 Packaging,BL3,BL3,20
6075236,Operation,BL3 Packaging,BL3,BL3,30
6075239,Setup,BL4 Packaging,BL4,BL4,20
6075239,Operation,BL4 Packaging,BL4,BL4,30
6075584,Setup,BL4 Packaging,BL4,BL4,20
6075584,Operation,BL4 Packaging,BL4,BL4,30
6076353,Setup,BL4 Packaging,BL4,BL4,20
6076353,Operation,BL4 Packaging,BL4,BL4,30
6076354,Setup,BL4 Packaging,BL4,BL4,20
6076354,Operation,BL4 Packaging,BL4,BL4,30
6076355,Setup,BL4 Packaging,BL4,BL4,20
6076355,Operation,BL4 Packaging,BL4,BL4,30
6076356,Setup,BL4 Packaging,BL4,BL4,20
6076356,Operation,BL4 Packaging,BL4,BL4,30
6077065,Setup,BL4 Packaging,BL4,BL4,20
6077065,Operation,BL4 Packaging,BL4,BL4,30
6077068,Setup,BL4 Packaging,BL4,BL4,20
6077068,Operation,BL4 Packaging,BL4,BL4,30
6077072,Setup,BL4 Packaging,BL4,BL4,20
6077072,Operation,BL4 Packaging,BL4,BL4,30
6077126,Setup,BL3 Packaging,BL3,BL3,20
6077126,Operation,BL3 Packaging,BL3,BL3,30
6077129,Setup,BL3 Packaging,BL3,BL3,20
6077129,Operation,BL3 Packaging,BL3,BL3,30
6077130,Setup,BL3 Packaging,BL3,BL3,20
6077130,Operation,BL3 Packaging,BL3,BL3,30
6077132,Setup,BL4 Packaging,BL4,BL4,20
6077132,Operation,BL4 Packaging,BL4,BL4,30
6077133,Setup,BL4 Packaging,BL4,BL4,20
6077133,Operation,BL4 Packaging,BL4,BL4,30
6077136,Setup,BL4 Packaging,BL4,BL4,20
6077136,Operation,BL4 Packaging,BL4,BL4,30
6077137,Setup,BL4 Packaging,BL4,BL4,20
6077137,Operation,BL4 Packaging,BL4,BL4,30
6077139,Setup,BL4 Packaging,BL4,BL4,20
6077139,Operation,BL4 Packaging,BL4,BL4,30
6077140,Setup,BL4 Packaging,BL4,BL4,20
6077140,Operation,BL4 Packaging,BL4,BL4,30
6077705,Setup,BL4 Packaging,BL4,BL4,20
6077705,Operation,BL4 Packaging,BL4,BL4,30
6077706,Setup,BL4 Packaging,BL4,BL4,20
6077706,Operation,BL4 Packaging,BL4,BL4,30
6077707,Setup,BL4 Packaging,BL4,BL4,20
6077707,Operation,BL4 Packaging,BL4,BL4,30
6077708,Setup,BL4 Packaging,BL4,BL4,20
6077708,Operation,BL4 Packaging,BL4,BL4,30
6079742,Setup,BL4 Packaging,BL4,BL4,20
6079742,Operation,BL4 Packaging,BL4,BL4,30
6080096,Setup,BL4 Packaging,BL4,BL4,20
6080096,Operation,BL4 Packaging,BL4,BL4,30
6080097,Setup,BL4 Packaging,BL4,BL4,20
6080097,Operation,BL4 Packaging,BL4,BL4,30
6086828,Setup,BL4 Packaging,BL4,BL4,20
6086828,Operation,BL4 Packaging,BL4,BL4,30
6086829,Setup,BL4 Packaging,BL4,BL4,20
6086829,Operation,BL4 Packaging,BL4,BL4,30
6086831,Setup,BL3 Packaging,BL3,BL3,20
6086831,Operation,BL3 Packaging,BL3,BL3,30
6087130,Setup,BL3 Packaging,BL3,BL3,20
6087130,Operation,BL3 Packaging,BL3,BL3,30
6087324,Setup,BL4 Packaging,BL4,BL4,20
6087324,Operation,BL4 Packaging,BL4,BL4,30
6087325,Setup,BL4 Packaging,BL4,BL4,20
6087325,Operation,BL4 Packaging,BL4,BL4,30
6087326,Setup,BL4 Packaging,BL4,BL4,20
6087326,Operation,BL4 Packaging,BL4,BL4,30
6087327,Setup,BL3 Packaging,BL3,BL3,20
6087327,Operation,BL3 Packaging,BL3,BL3,30
6087328,Setup,BL3 Packaging,BL3,BL3,20
6087328,Operation,BL3 Packaging,BL3,BL3,30
6087331,Setup,BL4 Packaging,BL4,BL4,20
6087331,Operation,BL4 Packaging,BL4,BL4,30
6087332,Setup,BL4 Packaging,BL4,BL4,20
6087332,Operation,BL4 Packaging,BL4,BL4,30
6087333,Setup,BL3 Packaging,BL3,BL3,20
6087333,Operation,BL3 Packaging,BL3,BL3,30
6087661,Setup,BL3 Packaging,BL3,BL3,20
6087661,Operation,BL3 Packaging,BL3,BL3,30
6087662,Setup,BL3 Packaging,BL3,BL3,20
6087662,Operation,BL3 Packaging,BL3,BL3,30
6088073,Setup,BL2 Packaging,BL2,BL2,20
6088073,Operation,BL2 Packaging,BL2,BL2,30
6088547,Setup,BL2 Packaging,BL2,BL2,20
6088547,Operation,BL2 Packaging,BL2,BL2,30
6088561,Setup,BL2 Packaging,BL2,BL2,20
6088561,Operation,BL2 Packaging,BL2,BL2,30
6088563,Setup,BL2 Packaging,BL2,BL2,20
6088563,Operation,BL2 Packaging,BL2,BL2,30
6088564,Setup,BL2 Packaging,BL2,BL2,20
6088564,Operation,BL2 Packaging,BL2,BL2,30
6088566,Setup,BL2 Packaging,BL2,BL2,20
6088566,Operation,BL2 Packaging,BL2,BL2,30
6088568,Setup,BL4 Packaging,BL4,BL4,20
6088568,Operation,BL4 Packaging,BL4,BL4,30
6088569,Setup,BL4 Packaging,BL4,BL4,20
6088569,Operation,BL4 Packaging,BL4,BL4,30
6088828,Setup,BL4 Packaging,BL4,BL4,20
6088828,Operation,BL4 Packaging,BL4,BL4,30
6088840,Setup,BL4 Packaging,BL4,BL4,20
6088840,Operation,BL4 Packaging,BL4,BL4,30
6088840,Setup,BL2 Packaging,BL2,BL2,20
6088840,Operation,BL2 Packaging,BL2,BL2,30
6088841,Setup,BL4 Packaging,BL4,BL4,20
6088841,Operation,BL4 Packaging,BL4,BL4,30
6088841,Setup,BL2 Packaging,BL2,BL2,20
6088841,Operation,BL2 Packaging,BL2,BL2,30
6088865,Setup,BL2 Packaging,BL2,BL2,20
6088865,Operation,BL2 Packaging,BL2,BL2,30
6088866,Setup,BL4 Packaging,BL4,BL4,20
6088866,Operation,BL4 Packaging,BL4,BL4,30
6090290,Setup,BL2 Packaging,BL2,BL2,20
6090290,Operation,BL2 Packaging,BL2,BL2,30
6090291,Setup,BL2 Packaging,BL2,BL2,20
6090291,Operation,BL2 Packaging,BL2,BL2,30
6090292,Setup,BL2 Packaging,BL2,BL2,20
6090292,Operation,BL2 Packaging,BL2,BL2,30
6090293,Setup,BL2 Packaging,BL2,BL2,20
6090293,Operation,BL2 Packaging,BL2,BL2,30
6090294,Setup,BL2 Packaging,BL2,BL2,20
6090294,Operation,BL2 Packaging,BL2,BL2,30
6090295,Setup,BL2 Packaging,BL2,BL2,20
6090295,Operation,BL2 Packaging,BL2,BL2,30
6091568,Setup,BL2 Packaging,BL2,BL2,20
6091568,Operation,BL2 Packaging,BL2,BL2,30
6091569,Setup,BL2 Packaging,BL2,BL2,20
6091569,Operation,BL2 Packaging,BL2,BL2,30
6091580,Setup,BL2 Packaging,BL2,BL2,20
6091580,Operation,BL2 Packaging,BL2,BL2,30
6091581,Setup,BL2 Packaging,BL2,BL2,20
6091581,Operation,BL2 Packaging,BL2,BL2,30
6091582,Setup,BL2 Packaging,BL2,BL2,20
6091582,Operation,BL2 Packaging,BL2,BL2,30
6091583,Setup,BL2 Packaging,BL2,BL2,20
6091583,Operation,BL2 Packaging,BL2,BL2,30
6091584,Setup,BL4 Packaging,BL4,BL4,20
6091584,Operation,BL4 Packaging,BL4,BL4,30
6094835,Setup,BL2 Packaging,BL2,BL2,20
6094835,Operation,BL2 Packaging,BL2,BL2,30
6094836,Setup,BL2 Packaging,BL2,BL2,20
6094836,Operation,BL2 Packaging,BL2,BL2,30
6094837,Setup,BL2 Packaging,BL2,BL2,20
6094837,Operation,BL2 Packaging,BL2,BL2,30
6094838,Setup,BL2 Packaging,BL2,BL2,20
6094838,Operation,BL2 Packaging,BL2,BL2,30
6094839,Setup,BL2 Packaging,BL2,BL2,20
6094839,Operation,BL2 Packaging,BL2,BL2,30
6094860,Setup,BL2 Packaging,BL2,BL2,20
6094860,Operation,BL2 Packaging,BL2,BL2,30
6097956,Setup,BL3 Packaging,BL3,BL3,20
6097956,Operation,BL3 Packaging,BL3,BL3,30
6097957,Setup,BL3 Packaging,BL3,BL3,20
6097957,Operation,BL3 Packaging,BL3,BL3,30
6099797,Setup,BL4 Packaging,BL4,BL4,20
6099797,Operation,BL4 Packaging,BL4,BL4,30
6099799,Setup,BL4 Packaging,BL4,BL4,20
6099799,Operation,BL4 Packaging,BL4,BL4,30
6099810,Setup,BL4 Packaging,BL4,BL4,20
6099810,Operation,BL4 Packaging,BL4,BL4,30
6099811,Setup,BL4 Packaging,BL4,BL4,20
6099811,Operation,BL4 Packaging,BL4,BL4,30
6100765,Setup,BL2 Packaging,BL2,BL2,20
6100765,Operation,BL2 Packaging,BL2,BL2,30
6100766,Setup,BL2 Packaging,BL2,BL2,20
6100766,Operation,BL2 Packaging,BL2,BL2,30
6100767,Setup,BL2 Packaging,BL2,BL2,20
6100767,Operation,BL2 Packaging,BL2,BL2,30
6100768,Setup,BL2 Packaging,BL2,BL2,20
6100768,Operation,BL2 Packaging,BL2,BL2,30
6100781,Setup,BL3 Packaging,BL3,BL3,20
6100781,Operation,BL3 Packaging,BL3,BL3,30
6100782,Setup,BL3 Packaging,BL3,BL3,20
6100782,Operation,BL3 Packaging,BL3,BL3,30
6100790,Setup,BL4 Packaging,BL4,BL4,20
6100790,Operation,BL4 Packaging,BL4,BL4,30
6100793,Setup,BL4 Packaging,BL4,BL4,20
6100793,Operation,BL4 Packaging,BL4,BL4,30
6104054,Setup,BL4 Packaging,BL4,BL4,20
6104054,Operation,BL4 Packaging,BL4,BL4,30
6104055,Setup,BL4 Packaging,BL4,BL4,20
6104055,Operation,BL4 Packaging,BL4,BL4,30
6105111,Setup,BL4 Packaging,BL4,BL4,20
6105111,Operation,BL4 Packaging,BL4,BL4,30
6105112,Setup,BL4 Packaging,BL4,BL4,20
6105112,Operation,BL4 Packaging,BL4,BL4,30
6105225,Setup,BL4 Packaging,BL4,BL4,20
6105225,Operation,BL4 Packaging,BL4,BL4,30
6105233,Setup,BL4 Packaging,BL4,BL4,20
6105233,Operation,BL4 Packaging,BL4,BL4,30
6105236,Setup,BL2 Packaging,BL2,BL2,20
6105236,Operation,BL2 Packaging,BL2,BL2,30
6105237,Setup,BL2 Packaging,BL2,BL2,20
6105237,Operation,BL2 Packaging,BL2,BL2,30
6105238,Setup,BL2 Packaging,BL2,BL2,20
6105238,Operation,BL2 Packaging,BL2,BL2,30
6105250,Setup,BL2 Packaging,BL2,BL2,20
6105250,Operation,BL2 Packaging,BL2,BL2,30
6105251,Setup,BL2 Packaging,BL2,BL2,20
6105251,Operation,BL2 Packaging,BL2,BL2,30
6105252,Setup,BL4 Packaging,BL4,BL4,20
6105252,Operation,BL4 Packaging,BL4,BL4,30
6105253,Setup,BL4 Packaging,BL4,BL4,20
6105253,Operation,BL4 Packaging,BL4,BL4,30
6105254,Setup,BL2 Packaging,BL2,BL2,20
6105254,Operation,BL2 Packaging,BL2,BL2,30
6105255,Setup,BL2 Packaging,BL2,BL2,20
6105255,Operation,BL2 Packaging,BL2,BL2,30
6105256,Setup,BL2 Packaging,BL2,BL2,20
6105256,Operation,BL2 Packaging,BL2,BL2,30
6105257,Setup,BL2 Packaging,BL2,BL2,20
6105257,Operation,BL2 Packaging,BL2,BL2,30
6105434,Setup,BL2 Packaging,BL2,BL2,20
6105434,Operation,BL2 Packaging,BL2,BL2,30
6105435,Setup,BL2 Packaging,BL2,BL2,20
6105435,Operation,BL2 Packaging,BL2,BL2,30
6105436,Setup,BL4 Packaging,BL4,BL4,20
6105436,Operation,BL4 Packaging,BL4,BL4,30
6105438,Setup,BL2 Packaging,BL2,BL2,20
6105438,Operation,BL2 Packaging,BL2,BL2,30
6105439,Setup,BL2 Packaging,BL2,BL2,20
6105439,Operation,BL2 Packaging,BL2,BL2,30
6105620,Setup,BL2 Packaging,BL2,BL2,20
6105620,Operation,BL2 Packaging,BL2,BL2,30
6105621,Setup,BL2 Packaging,BL2,BL2,20
6105621,Operation,BL2 Packaging,BL2,BL2,30
6105624,Setup,BL4 Packaging,BL4,BL4,20
6105624,Operation,BL4 Packaging,BL4,BL4,30
6105625,Setup,BL4 Packaging,BL4,BL4,20
6105625,Operation,BL4 Packaging,BL4,BL4,30
6108288,Setup,BL4 Packaging,BL4,BL4,20
6108288,Operation,BL4 Packaging,BL4,BL4,30
6108289,Setup,BL2 Packaging,BL2,BL2,20
6108289,Operation,BL2 Packaging,BL2,BL2,30
6108290,Setup,BL2 Packaging,BL2,BL2,20
6108290,Operation,BL2 Packaging,BL2,BL2,30
6108294,Setup,BL2 Packaging,BL2,BL2,20
6108294,Operation,BL2 Packaging,BL2,BL2,30
6108446,Setup,BL2 Packaging,BL2,BL2,20
6108446,Operation,BL2 Packaging,BL2,BL2,30
6109097,Setup,BL2 Packaging,BL2,BL2,20
6109097,Operation,BL2 Packaging,BL2,BL2,30
6109258,Setup,BL2 Packaging,BL2,BL2,20
6109258,Operation,BL2 Packaging,BL2,BL2,30
6109336,Setup,BL2 Packaging,BL2,BL2,20
6109336,Operation,BL2 Packaging,BL2,BL2,30
6109337,Setup,BL2 Packaging,BL2,BL2,20
6109337,Operation,BL2 Packaging,BL2,BL2,30
6109338,Setup,BL2 Packaging,BL2,BL2,20
6109338,Operation,BL2 Packaging,BL2,BL2,30
6109339,Setup,BL2 Packaging,BL2,BL2,20
6109339,Operation,BL2 Packaging,BL2,BL2,30
6109340,Setup,BL2 Packaging,BL2,BL2,20
6109340,Operation,BL2 Packaging,BL2,BL2,30
6109341,Setup,BL2 Packaging,BL2,BL2,20
6109341,Operation,BL2 Packaging,BL2,BL2,30
6109887,Setup,BL2 Packaging,BL2,BL2,20
6109887,Operation,BL2 Packaging,BL2,BL2,30
6110107,Setup,BL2 Packaging,BL2,BL2,20
6110107,Operation,BL2 Packaging,BL2,BL2,30
6110108,Setup,BL2 Packaging,BL2,BL2,20
6110108,Operation,BL2 Packaging,BL2,BL2,30
6110109,Setup,BL2 Packaging,BL2,BL2,20
6110109,Operation,BL2 Packaging,BL2,BL2,30
6110110,Setup,BL2 Packaging,BL2,BL2,20
6110110,Operation,BL2 Packaging,BL2,BL2,30
6110111,Setup,BL2 Packaging,BL2,BL2,20
6110111,Operation,BL2 Packaging,BL2,BL2,30
6110823,Setup,BL2 Packaging,BL2,BL2,20
6110823,Operation,BL2 Packaging,BL2,BL2,30
6110824,Setup,BL2 Packaging,BL2,BL2,20
6110824,Operation,BL2 Packaging,BL2,BL2,30
6110825,Setup,BL2 Packaging,BL2,BL2,20
6110825,Operation,BL2 Packaging,BL2,BL2,30
6110826,Setup,BL2 Packaging,BL2,BL2,20
6110826,Operation,BL2 Packaging,BL2,BL2,30
6111741,Setup,BL4 Packaging,BL4,BL4,20
6111741,Operation,BL4 Packaging,BL4,BL4,30
6111742,Setup,BL4 Packaging,BL4,BL4,20
6111742,Operation,BL4 Packaging,BL4,BL4,30
6111835,Setup,BL2 Packaging,BL2,BL2,20
6111835,Operation,BL2 Packaging,BL2,BL2,30
6127734,Setup,BL2 Packaging,BL2,BL2,20
6127734,Operation,BL2 Packaging,BL2,BL2,30
6127735,Setup,BL4 Packaging,BL4,BL4,20
6127735,Operation,BL4 Packaging,BL4,BL4,30
6127736,Setup,BL2 Packaging,BL2,BL2,20
6127736,Operation,BL2 Packaging,BL2,BL2,30
6127738,Setup,BL4 Packaging,BL4,BL4,20
6127738,Operation,BL4 Packaging,BL4,BL4,30
6127739,Setup,BL4 Packaging,BL4,BL4,20
6127739,Operation,BL4 Packaging,BL4,BL4,30
6127740,Setup,BL2 Packaging,BL2,BL2,20
6127740,Operation,BL2 Packaging,BL2,BL2,30
6127741,Setup,BL2 Packaging,BL2,BL2,20
6127741,Operation,BL2 Packaging,BL2,BL2,30
6127743,Setup,BL2 Packaging,BL2,BL2,20
6127743,Operation,BL2 Packaging,BL2,BL2,30
6127745,Setup,BL2 Packaging,BL2,BL2,20
6127745,Operation,BL2 Packaging,BL2,BL2,30
6127747,Setup,BL2 Packaging,BL2,BL2,20
6127747,Operation,BL2 Packaging,BL2,BL2,30
6127748,Setup,BL4 Packaging,BL4,BL4,20
6127748,Operation,BL4 Packaging,BL4,BL4,30
6127749,Setup,BL2 Packaging,BL2,BL2,20
6127749,Operation,BL2 Packaging,BL2,BL2,30
6127753,Setup,BL4 Packaging,BL4,BL4,20
6127753,Operation,BL4 Packaging,BL4,BL4,30
6127755,Setup,BL4 Packaging,BL4,BL4,20
6127755,Operation,BL4 Packaging,BL4,BL4,30
6127756,Setup,BL2 Packaging,BL2,BL2,20
6127756,Operation,BL2 Packaging,BL2,BL2,30
6127757,Setup,BL2 Packaging,BL2,BL2,20
6127757,Operation,BL2 Packaging,BL2,BL2,30
6127758,Setup,BL2 Packaging,BL2,BL2,20
6127758,Operation,BL2 Packaging,BL2,BL2,30
6127759,Setup,BL2 Packaging,BL2,BL2,20
6127759,Operation,BL2 Packaging,BL2,BL2,30
6127760,Setup,BL2 Packaging,BL2,BL2,20
6127760,Operation,BL2 Packaging,BL2,BL2,30
6127899,Setup,BL4 Packaging,BL4,BL4,20
6127899,Operation,BL4 Packaging,BL4,BL4,30
6127910,Setup,BL4 Packaging,BL4,BL4,20
6127910,Operation,BL4 Packaging,BL4,BL4,30
6128472,Setup,BL2 Packaging,BL2,BL2,20
6128472,Operation,BL2 Packaging,BL2,BL2,30
6128473,Setup,BL2 Packaging,BL2,BL2,20
6128473,Operation,BL2 Packaging,BL2,BL2,30
6128474,Setup,BL2 Packaging,BL2,BL2,20
6128474,Operation,BL2 Packaging,BL2,BL2,30
6128707,Setup,BL2 Packaging,BL2,BL2,20
6128707,Operation,BL2 Packaging,BL2,BL2,30
6128708,Setup,BL2 Packaging,BL2,BL2,20
6128708,Operation,BL2 Packaging,BL2,BL2,30
6128720,Setup,BL4 Packaging,BL4,BL4,20
6128720,Operation,BL4 Packaging,BL4,BL4,30
6128721,Setup,BL2 Packaging,BL2,BL2,20
6128721,Operation,BL2 Packaging,BL2,BL2,30
6128722,Setup,BL2 Packaging,BL2,BL2,20
6128722,Operation,BL2 Packaging,BL2,BL2,30
6128734,Setup,BL4 Packaging,BL4,BL4,20
6128734,Operation,BL4 Packaging,BL4,BL4,30
6129152,Setup,BL4 Packaging,BL4,BL4,20
6129152,Operation,BL4 Packaging,BL4,BL4,30
6129711,Setup,BL2 Packaging,BL2,BL2,20
6129711,Operation,BL2 Packaging,BL2,BL2,30
6136710,Setup,BL2 Packaging,BL2,BL2,20
6136710,Operation,BL2 Packaging,BL2,BL2,30
6139592,Setup,BL4 Packaging,BL4,BL4,20
6139592,Operation,BL4 Packaging,BL4,BL4,30
6139598,Setup,BL4 Packaging,BL4,BL4,20
6139598,Operation,BL4 Packaging,BL4,BL4,30
6140596,Setup,BL2 Packaging,BL2,BL2,20
6140596,Operation,BL2 Packaging,BL2,BL2,30
6146889,Setup,BL4 Packaging,BL4,BL4,20
6146889,Operation,BL4 Packaging,BL4,BL4,30
6146951,Setup,BL4 Packaging,BL4,BL4,20
6146951,Operation,BL4 Packaging,BL4,BL4,30
6146952,Setup,BL4 Packaging,BL4,BL4,20
6146952,Operation,BL4 Packaging,BL4,BL4,30
6146954,Setup,BL4 Packaging,BL4,BL4,20
6146954,Operation,BL4 Packaging,BL4,BL4,30
6147485,Setup,BL4 Packaging,BL4,BL4,20
6147485,Operation,BL4 Packaging,BL4,BL4,30
6147486,Setup,BL4 Packaging,BL4,BL4,20
6147486,Operation,BL4 Packaging,BL4,BL4,30
6147487,Setup,BL4 Packaging,BL4,BL4,20
6147487,Operation,BL4 Packaging,BL4,BL4,30
6147488,Setup,BL4 Packaging,BL4,BL4,20
6147488,Operation,BL4 Packaging,BL4,BL4,30
6151238,Setup,BL4 Packaging,BL4,BL4,20
6151238,Operation,BL4 Packaging,BL4,BL4,30
6151277,Setup,BL4 Packaging,BL4,BL4,20
6151277,Operation,BL4 Packaging,BL4,BL4,30
6151278,Setup,BL4 Packaging,BL4,BL4,20
6151278,Operation,BL4 Packaging,BL4,BL4,30
6151281,Setup,BL4 Packaging,BL4,BL4,20
6151281,Operation,BL4 Packaging,BL4,BL4,30
6151290,Setup,BL4 Packaging,BL4,BL4,20
6151290,Operation,BL4 Packaging,BL4,BL4,30
6154299,Setup,BL4 Packaging,BL4,BL4,20
6154299,Operation,BL4 Packaging,BL4,BL4,30
6157135,Setup,BL4 Packaging,BL4,BL4,20
6157135,Operation,BL4 Packaging,BL4,BL4,30
6157136,Setup,BL4 Packaging,BL4,BL4,20
6157136,Operation,BL4 Packaging,BL4,BL4,30
6166582,Setup,BL4 Packaging,BL4,BL4,20
6166582,Operation,BL4 Packaging,BL4,BL4,30
6166583,Setup,BL4 Packaging,BL4,BL4,20
6166583,Operation,BL4 Packaging,BL4,BL4,30
6167667,Setup,BL4 Packaging,BL4,BL4,20
6167667,Operation,BL4 Packaging,BL4,BL4,30
6167668,Setup,BL4 Packaging,BL4,BL4,20
6167668,Operation,BL4 Packaging,BL4,BL4,30
6170518,Setup,BL4 Packaging,BL4,BL4,20
6170518,Operation,BL4 Packaging,BL4,BL4,30
6170519,Setup,BL4 Packaging,BL4,BL4,20
6170519,Operation,BL4 Packaging,BL4,BL4,30
6170979,Setup,BL3 Packaging,BL3,BL3,20
6170979,Operation,BL3 Packaging,BL3,BL3,30
6170990,Setup,BL3 Packaging,BL3,BL3,20
6170990,Operation,BL3 Packaging,BL3,BL3,30
6173937,Setup,BL4 Packaging,BL4,BL4,20
6173937,Operation,BL4 Packaging,BL4,BL4,30
6173953,Setup,BL4 Packaging,BL4,BL4,20
6173953,Operation,BL4 Packaging,BL4,BL4,30
6173955,Setup,BL4 Packaging,BL4,BL4,20
6173955,Operation,BL4 Packaging,BL4,BL4,30
6174161,Setup,BL2 Packaging,BL2,BL2,20
6174161,Operation,BL2 Packaging,BL2,BL2,30
6174530,Setup,BL4 Packaging,BL4,BL4,20
6174530,Operation,BL4 Packaging,BL4,BL4,30
6174531,Setup,BL4 Packaging,BL4,BL4,20
6174531,Operation,BL4 Packaging,BL4,BL4,30
6175503,Setup,BL4 Packaging,BL4,BL4,20
6175503,Operation,BL4 Packaging,BL4,BL4,30
6175504,Setup,BL4 Packaging,BL4,BL4,20
6175504,Operation,BL4 Packaging,BL4,BL4,30
6179976,Setup,BL4 Packaging,BL4,BL4,20
6179976,Operation,BL4 Packaging,BL4,BL4,30
6179977,Setup,BL4 Packaging,BL4,BL4,20
6179977,Operation,BL4 Packaging,BL4,BL4,30
6173324,Setup,BL3 Packaging,BL3,BL3,20
6173324,Operation,BL3 Packaging,BL3,BL3,30
6173326,Setup,BL3 Packaging,BL3,BL3,20
6173326,Operation,BL3 Packaging,BL3,BL3,30
6099757,Setup,BL4 Packaging,BL4,BL4,20
6099757,Operation,BL4 Packaging,BL4,BL4,30
6099758,Setup,BL4 Packaging,BL4,BL4,20
6099758,Operation,BL4 Packaging,BL4,BL4,30
6099775,Setup,BL3 Packaging,BL3,BL3,20
6099775,Operation,BL3 Packaging,BL3,BL3,30
6067477,Setup,BL3 Packaging,BL3,BL3,20
6067477,Operation,BL3 Packaging,BL3,BL3,30
6067446,Setup,BL4 Packaging,BL4,BL4,20
6067446,Operation,BL4 Packaging,BL4,BL4,30
6067448,Setup,BL4 Packaging,BL4,BL4,20
6067448,Operation,BL4 Packaging,BL4,BL4,30
6067450,Setup,BL4 Packaging,BL4,BL4,20
6067450,Operation,BL4 Packaging,BL4,BL4,30
6077131,Setup,BL4 Packaging,BL4,BL4,20
6077131,Operation,BL4 Packaging,BL4,BL4,30
6077135,Setup,BL4 Packaging,BL4,BL4,20
6077135,Operation,BL4 Packaging,BL4,BL4,30
6077138,Setup,BL4 Packaging,BL4,BL4,20
6077138,Operation,BL4 Packaging,BL4,BL4,30
6180685,Setup,BL4 Packaging,BL4,BL4,20
6180685,Operation,BL4 Packaging,BL4,BL4,30
6180688,Setup,BL4 Packaging,BL4,BL4,20
6180688,Operation,BL4 Packaging,BL4,BL4,30
6180687,Setup,BL3 Packaging,BL3,BL3,20
6180687,Operation,BL3 Packaging,BL3,BL3,30
6180730,Setup,BL3 Packaging,BL3,BL3,20
6180730,Operation,BL3 Packaging,BL3,BL3,30
6179128,Setup,BL4 Packaging,BL4,BL4,20
6179128,Operation,BL4 Packaging,BL4,BL4,30
6179024,Setup,BL4 Packaging,BL4,BL4,20
6179024,Operation,BL4 Packaging,BL4,BL4,30
6179127,Setup,BL4 Packaging,BL4,BL4,20
6179127,Operation,BL4 Packaging,BL4,BL4,30
6179025,Setup,BL4 Packaging,BL4,BL4,20
6179025,Operation,BL4 Packaging,BL4,BL4,30
6179129,Setup,BL3 Packaging,BL3,BL3,20
6179129,Operation,BL3 Packaging,BL3,BL3,30
6179130,Setup,BL3 Packaging,BL3,BL3,20
6179130,Operation,BL3 Packaging,BL3,BL3,30
6179133,Setup,BL3 Packaging,BL3,BL3,20
6179133,Operation,BL3 Packaging,BL3,BL3,30
6179141,Setup,BL3 Packaging,BL3,BL3,20
6179141,Operation,BL3 Packaging,BL3,BL3,30
6140621,Setup,BL4 Packaging,BL4,BL4,20
6140621,Operation,BL4 Packaging,BL4,BL4,30
6140620,Setup,BL4 Packaging,BL4,BL4,20
6140620,Operation,BL4 Packaging,BL4,BL4,30
6139469,Setup,BL4 Packaging,BL4,BL4,20
6139469,Operation,BL4 Packaging,BL4,BL4,30
6139480,Setup,BL4 Packaging,BL4,BL4,20
6139480,Operation,BL4 Packaging,BL4,BL4,30
6140619,Setup,BL3 Packaging,BL3,BL3,20
6140619,Operation,BL3 Packaging,BL3,BL3,30
6139481,Setup,BL3 Packaging,BL3,BL3,20
6139481,Operation,BL3 Packaging,BL3,BL3,30
6153538,Setup,BL4 Packaging,BL4,BL4,20
6153538,Operation,BL4 Packaging,BL4,BL4,30
6153539,Setup,BL4 Packaging,BL4,BL4,20
6153539,Operation,BL4 Packaging,BL4,BL4,30
6139466,Setup,BL4 Packaging,BL4,BL4,20
6139466,Operation,BL4 Packaging,BL4,BL4,30
6204034,Setup,BL4 Packaging,BL4,BL4,20
6204034,Operation,BL4 Packaging,BL4,BL4,30
6204035,Setup,BL4 Packaging,BL4,BL4,20
6204035,Operation,BL4 Packaging,BL4,BL4,30
6204627,Setup,GRAN 129 Granulating,GRAN 129,GRAN 129,50
6204627,Operation,GRAN 129 Granulating,GRAN 129,GRAN 129,60
6204627,Setup,SBL 137 Blending,SBL 137,BLEND 137,80
6204627,Operation,SBL 137 Blending,SBL 137,BLEND 137,90
6204627,Setup,TP4 Tabletting,TP4,TP4,110
6204627,Operation,TP4 Tabletting,TP4,TP4,120
6204627,Setup,COAT 138 Coating,COAT 138,COAT 138,140
6204627,Operation,COAT 138 Coating,COAT 138,COAT 138,150
6204627,Setup,PRIN 145 Printing,PRIN 145,PRINT 145,170
6204627,Operation,PRIN 145 Printing,PRIN 145,PRINT 145,180
6204629,Setup,GRAN 129 Granulating,GRAN 129,GRAN 129,50
6204629,Operation,GRAN 129 Granulating,GRAN 129,GRAN 129,60
6204629,Setup,SBL 137 Blending,SBL 137,BLEND 137,80
6204629,Operation,SBL 137 Blending,SBL 137,BLEND 137,90
6204629,Setup,TP4 Tabletting,TP4,TP4,110
6204629,Operation,TP4 Tabletting,TP4,TP4,120
6204629,Setup,COAT 138 Coating,COAT 138,COAT 138,140
6204629,Operation,COAT 138 Coating,COAT 138,COAT 138,150
6204629,Setup,PRIN 145 Printing,PRIN 145,PRINT 145,170
6204629,Operation,PRIN 145 Printing,PRIN 145,PRINT 145,180
6203238,Setup,GRAN 128 Granulating,GRAN 128,GRAN 128,50
6203238,Operation,GRAN 128 Granulating,GRAN 128,GRAN 128,60
6203238,Setup,SBL 137 Blending,SBL 137,BLEND 137,80
6203238,Operation,SBL 137 Blending,SBL 137,BLEND 137,90
6203238,Setup,TP3 Tabletting,TP3,TP3,110
6203238,Operation,TP3 Tabletting,TP3,TP3,120
6203235,Setup,GRAN 128 Granulating,GRAN 128,GRAN 128,50
6203235,Operation,GRAN 128 Granulating,GRAN 128,GRAN 128,60
6203235,Setup,SBL 137 Blending,SBL 137,BLEND 137,80
6203235,Operation,SBL 137 Blending,SBL 137,BLEND 137,90
6203235,Setup,TP3 Tabletting,TP3,TP3,110
19014093,Operation,TP3 Tabletting,TP3,TP3,120
6204663,Setup,GRAN 128 Granulating,GRAN 128,GRAN 128,50
6204663,Operation,GRAN 128 Granulating,GRAN 128,GRAN 128,60
6204663,Setup,SBL 137 Blending,SBL 137,BLEND 137,80
6204663,Operation,SBL 137 Blending,SBL 137,BLEND 137,90
6204663,Setup,TP3 Tabletting,TP3,TP3,110
6204660,Setup,GRAN 128 Granulating,GRAN 128,GRAN 128,50
6204660,Operation,GRAN 128 Granulating,GRAN 128,GRAN 128,60
6204660,Setup,SBL 137 Blending,SBL 137,BLEND 137,80
6204660,Operation,SBL 137 Blending,SBL 137,BLEND 137,90
6204660,Setup,TP3 Tabletting,TP3,TP3,110
6203240,Setup,GRAN 128 Granulating,GRAN 128,GRAN 128,50
6203240,Operation,GRAN 128 Granulating,GRAN 128,GRAN 128,60
6203240,Setup,SBL 137 Blending,SBL 137,BLEND 137,80
6203240,Operation,SBL 137 Blending,SBL 137,BLEND 137,90
6203240,Setup,TP3 Tabletting,TP3,TP3,110
6203244,Setup,GRAN 128 Granulating,GRAN 128,GRAN 128,50
6203244,Operation,GRAN 128 Granulating,GRAN 128,GRAN 128,60
6203244,Setup,SBL 137 Blending,SBL 137,BLEND 137,80
6203244,Operation,SBL 137 Blending,SBL 137,BLEND 137,90
6203244,Setup,TP3 Tabletting,TP3,TP3,110
6204112,Setup,GRAN 128 Granulating,GRAN 128,GRAN 128,50
6204112,Operation,GRAN 128 Granulating,GRAN 128,GRAN 128,60
6200565,Setup,BL4 Packaging,BL4,BL4,20
6200565,Operation,BL4 Packaging,BL4,BL4,30
6200566,Setup,BL4 Packaging,BL4,BL4,20
6200566,Operation,BL4 Packaging,BL4,BL4,30
6200569,Setup,BL4 Packaging,BL4,BL4,20
6200569,Operation,BL4 Packaging,BL4,BL4,30
6200371,Setup,BL3 Packaging,BL3,BL3,20
6200371,Operation,BL3 Packaging,BL3,BL3,30
6206251,Setup,BL4 Packaging,BL4,BL4,20
6206251,Operation,BL4 Packaging,BL4,BL4,30
6206252,Setup,BL4 Packaging,BL4,BL4,20
6206252,Operation,BL4 Packaging,BL4,BL4,30
6200601,Setup,BL4 Packaging,BL4,BL4,20
6200601,Operation,BL4 Packaging,BL4,BL4,30
6200602,Setup,BL4 Packaging,BL4,BL4,20
6200602,Operation,BL4 Packaging,BL4,BL4,30
6139483,Setup,BL3 Packaging,BL3,BL3,20
6139483,Operation,BL3 Packaging,BL3,BL3,30
6206253,Setup,BL4 Packaging,BL4,BL4,20
6206253,Operation,BL4 Packaging,BL4,BL4,30
6096368,Setup,BL4 Packaging,BL4,BL4,20
6096368,Operation,BL4 Packaging,BL4,BL4,30
6205598,Setup,CF 437 CF,CF 437,TIL1 437 CF,50
6205598,Operation,CF 437 CF,CF 437,TIL1 437 CF,60
6205600,Setup,EC 435 Enteric Coating,EC 435,TIL1 435 EC,20
6205600,Operation,EC 435 Enteric Coating,EC 435,TIL1 435 EC,30
6205601,Setup,BL 432 Blending,BL 432,TIL1 437,20
6205601,Operation,BL 432 Blending,BL 432,TIL1 437,30
6067309,Setup,BL3 Packaging,BL3,BL3,20
6067309,Operation,BL3 Packaging,BL3,BL3,30
6071777,Setup,BL3 Packaging,BL3,BL3,20
6071777,Operation,BL3 Packaging,BL3,BL3,30
6067308,Setup,BL2 Packaging,BL2,BL2,20
6067308,Operation,BL2 Packaging,BL2,BL2,30
6071770,Setup,BL2 Packaging,BL2,BL2,20
6071770,Operation,BL2 Packaging,BL2,BL2,30
6067306,Setup,BL2 Packaging,BL2,BL2,20
6067306,Operation,BL2 Packaging,BL2,BL2,30
6071768,Setup,BL2 Packaging,BL2,BL2,20
6071768,Operation,BL2 Packaging,BL2,BL2,30
6071769,Setup,BL2 Packaging,BL2,BL2,20
6071769,Operation,BL2 Packaging,BL2,BL2,30
6067307,Setup,BL2 Packaging,BL2,BL2,20
6067307,Operation,BL2 Packaging,BL2,BL2,30
6210151,Setup,BL4 Packaging,BL4,BL4,20
6210151,Operation,BL4 Packaging,BL4,BL4,30
6210152,Setup,BL4 Packaging,BL4,BL4,20
6210152,Operation,BL4 Packaging,BL4,BL4,30
6210155,Setup,BL4 Packaging,BL4,BL4,20
6210155,Operation,BL4 Packaging,BL4,BL4,30
6096367,Setup,BL4 Packaging,BL4,BL4,20
6096367,Operation,BL4 Packaging,BL4,BL4,30